Date_ID,Date,year,Month,Quarter,Date_ID.1
DT00001,2017-01-01,2017,1,Q1,DT00001
DT00002,2017-01-02,2017,1,Q1,DT00002
DT00003,2017-01-03,2017,1,Q1,DT00003
DT00004,2017-01-04,2017,1,Q1,DT00004
DT00005,2017-01-05,2017,1,Q1,DT00005
DT00006,2017-01-06,2017,1,Q1,DT00006
DT00007,2017-01-07,2017,1,Q1,DT00007
DT00008,2017-01-08,2017,1,Q1,DT00008
DT00009,2017-01-09,2017,1,Q1,DT00009
DT00010,2017-01-10,2017,1,Q1,DT00010
DT00011,2017-01-11,2017,1,Q1,DT00011
DT00012,2017-01-12,2017,1,Q1,DT00012
DT00013,2017-01-13,2017,1,Q1,DT00013
DT00014,2017-01-14,2017,1,Q1,DT00014
DT00015,2017-01-15,2017,1,Q1,DT00015
DT00016,2017-01-16,2017,1,Q1,DT00016
DT00017,2017-01-17,2017,1,Q1,DT00017
DT00018,2017-01-18,2017,1,Q1,DT00018
DT00019,2017-01-19,2017,1,Q1,DT00019
DT00020,2017-01-20,2017,1,Q1,DT00020
DT00021,2017-01-21,2017,1,Q1,DT00021
DT00022,2017-01-22,2017,1,Q1,DT00022
DT00023,2017-01-23,2017,1,Q1,DT00023
DT00024,2017-01-24,2017,1,Q1,DT00024
DT00025,2017-01-25,2017,1,Q1,DT00025
DT00026,2017-01-26,2017,1,Q1,DT00026
DT00027,2017-01-27,2017,1,Q1,DT00027
DT00028,2017-01-28,2017,1,Q1,DT00028
DT00029,2017-01-29,2017,1,Q1,DT00029
DT00030,2017-01-30,2017,1,Q1,DT00030
DT00031,2017-01-31,2017,1,Q1,DT00031
DT00032,2017-02-01,2017,2,Q1,DT00032
DT00033,2017-02-02,2017,2,Q1,DT00033
DT00034,2017-02-03,2017,2,Q1,DT00034
DT00035,2017-02-04,2017,2,Q1,DT00035
DT00036,2017-02-05,2017,2,Q1,DT00036
DT00037,2017-02-06,2017,2,Q1,DT00037
DT00038,2017-02-07,2017,2,Q1,DT00038
DT00039,2017-02-08,2017,2,Q1,DT00039
DT00040,2017-02-09,2017,2,Q1,DT00040
DT00041,2017-02-10,2017,2,Q1,DT00041
DT00042,2017-02-11,2017,2,Q1,DT00042
DT00043,2017-02-12,2017,2,Q1,DT00043
DT00044,2017-02-13,2017,2,Q1,DT00044
DT00045,2017-02-14,2017,2,Q1,DT00045
DT00046,2017-02-15,2017,2,Q1,DT00046
DT00047,2017-02-16,2017,2,Q1,DT00047
DT00048,2017-02-17,2017,2,Q1,DT00048
DT00049,2017-02-18,2017,2,Q1,DT00049
DT00050,2017-02-19,2017,2,Q1,DT00050
DT00051,2017-02-20,2017,2,Q1,DT00051
DT00052,2017-02-21,2017,2,Q1,DT00052
DT00053,2017-02-22,2017,2,Q1,DT00053
DT00054,2017-02-23,2017,2,Q1,DT00054
DT00055,2017-02-24,2017,2,Q1,DT00055
DT00056,2017-02-25,2017,2,Q1,DT00056
DT00057,2017-02-26,2017,2,Q1,DT00057
DT00058,2017-02-27,2017,2,Q1,DT00058
DT00059,2017-02-28,2017,2,Q1,DT00059
DT00060,2017-03-01,2017,3,Q1,DT00060
DT00061,2017-03-02,2017,3,Q1,DT00061
DT00062,2017-03-03,2017,3,Q1,DT00062
DT00063,2017-03-04,2017,3,Q1,DT00063
DT00064,2017-03-05,2017,3,Q1,DT00064
DT00065,2017-03-06,2017,3,Q1,DT00065
DT00066,2017-03-07,2017,3,Q1,DT00066
DT00067,2017-03-08,2017,3,Q1,DT00067
DT00068,2017-03-09,2017,3,Q1,DT00068
DT00069,2017-03-10,2017,3,Q1,DT00069
DT00070,2017-03-11,2017,3,Q1,DT00070
DT00071,2017-03-12,2017,3,Q1,DT00071
DT00072,2017-03-13,2017,3,Q1,DT00072
DT00073,2017-03-14,2017,3,Q1,DT00073
DT00074,2017-03-15,2017,3,Q1,DT00074
DT00075,2017-03-16,2017,3,Q1,DT00075
DT00076,2017-03-17,2017,3,Q1,DT00076
DT00077,2017-03-18,2017,3,Q1,DT00077
DT00078,2017-03-19,2017,3,Q1,DT00078
DT00079,2017-03-20,2017,3,Q1,DT00079
DT00080,2017-03-21,2017,3,Q1,DT00080
DT00081,2017-03-22,2017,3,Q1,DT00081
DT00082,2017-03-23,2017,3,Q1,DT00082
DT00083,2017-03-24,2017,3,Q1,DT00083
DT00084,2017-03-25,2017,3,Q1,DT00084
DT00085,2017-03-26,2017,3,Q1,DT00085
DT00086,2017-03-27,2017,3,Q1,DT00086
DT00087,2017-03-28,2017,3,Q1,DT00087
DT00088,2017-03-29,2017,3,Q1,DT00088
DT00089,2017-03-30,2017,3,Q1,DT00089
DT00090,2017-03-31,2017,3,Q1,DT00090
DT00091,2017-04-01,2017,4,Q2,DT00091
DT00092,2017-04-02,2017,4,Q2,DT00092
DT00093,2017-04-03,2017,4,Q2,DT00093
DT00094,2017-04-04,2017,4,Q2,DT00094
DT00095,2017-04-05,2017,4,Q2,DT00095
DT00096,2017-04-06,2017,4,Q2,DT00096
DT00097,2017-04-07,2017,4,Q2,DT00097
DT00098,2017-04-08,2017,4,Q2,DT00098
DT00099,2017-04-09,2017,4,Q2,DT00099
DT00100,2017-04-10,2017,4,Q2,DT00100
DT00101,2017-04-11,2017,4,Q2,DT00101
DT00102,2017-04-12,2017,4,Q2,DT00102
DT00103,2017-04-13,2017,4,Q2,DT00103
DT00104,2017-04-14,2017,4,Q2,DT00104
DT00105,2017-04-15,2017,4,Q2,DT00105
DT00106,2017-04-16,2017,4,Q2,DT00106
DT00107,2017-04-17,2017,4,Q2,DT00107
DT00108,2017-04-18,2017,4,Q2,DT00108
DT00109,2017-04-19,2017,4,Q2,DT00109
DT00110,2017-04-20,2017,4,Q2,DT00110
DT00111,2017-04-21,2017,4,Q2,DT00111
DT00112,2017-04-22,2017,4,Q2,DT00112
DT00113,2017-04-23,2017,4,Q2,DT00113
DT00114,2017-04-24,2017,4,Q2,DT00114
DT00115,2017-04-25,2017,4,Q2,DT00115
DT00116,2017-04-26,2017,4,Q2,DT00116
DT00117,2017-04-27,2017,4,Q2,DT00117
DT00118,2017-04-28,2017,4,Q2,DT00118
DT00119,2017-04-29,2017,4,Q2,DT00119
DT00120,2017-04-30,2017,4,Q2,DT00120
DT00121,2017-05-01,2017,5,Q2,DT00121
DT00122,2017-05-02,2017,5,Q2,DT00122
DT00123,2017-05-03,2017,5,Q2,DT00123
DT00124,2017-05-04,2017,5,Q2,DT00124
DT00125,2017-05-05,2017,5,Q2,DT00125
DT00126,2017-05-06,2017,5,Q2,DT00126
DT00127,2017-05-07,2017,5,Q2,DT00127
DT00128,2017-05-08,2017,5,Q2,DT00128
DT00129,2017-05-09,2017,5,Q2,DT00129
DT00130,2017-05-10,2017,5,Q2,DT00130
DT00131,2017-05-11,2017,5,Q2,DT00131
DT00132,2017-05-12,2017,5,Q2,DT00132
DT00133,2017-05-13,2017,5,Q2,DT00133
DT00134,2017-05-14,2017,5,Q2,DT00134
DT00135,2017-05-15,2017,5,Q2,DT00135
DT00136,2017-05-16,2017,5,Q2,DT00136
DT00137,2017-05-17,2017,5,Q2,DT00137
DT00138,2017-05-18,2017,5,Q2,DT00138
DT00139,2017-05-19,2017,5,Q2,DT00139
DT00140,2017-05-20,2017,5,Q2,DT00140
DT00141,2017-05-21,2017,5,Q2,DT00141
DT00142,2017-05-22,2017,5,Q2,DT00142
DT00143,2017-05-23,2017,5,Q2,DT00143
DT00144,2017-05-24,2017,5,Q2,DT00144
DT00145,2017-05-25,2017,5,Q2,DT00145
DT00146,2017-05-26,2017,5,Q2,DT00146
DT00147,2017-05-27,2017,5,Q2,DT00147
DT00148,2017-05-28,2017,5,Q2,DT00148
DT00149,2017-05-29,2017,5,Q2,DT00149
DT00150,2017-05-30,2017,5,Q2,DT00150
DT00151,2017-05-31,2017,5,Q2,DT00151
DT00152,2017-06-01,2017,6,Q2,DT00152
DT00153,2017-06-02,2017,6,Q2,DT00153
DT00154,2017-06-03,2017,6,Q2,DT00154
DT00155,2017-06-04,2017,6,Q2,DT00155
DT00156,2017-06-05,2017,6,Q2,DT00156
DT00157,2017-06-06,2017,6,Q2,DT00157
DT00158,2017-06-07,2017,6,Q2,DT00158
DT00159,2017-06-08,2017,6,Q2,DT00159
DT00160,2017-06-09,2017,6,Q2,DT00160
DT00161,2017-06-10,2017,6,Q2,DT00161
DT00162,2017-06-11,2017,6,Q2,DT00162
DT00163,2017-06-12,2017,6,Q2,DT00163
DT00164,2017-06-13,2017,6,Q2,DT00164
DT00165,2017-06-14,2017,6,Q2,DT00165
DT00166,2017-06-15,2017,6,Q2,DT00166
DT00167,2017-06-16,2017,6,Q2,DT00167
DT00168,2017-06-17,2017,6,Q2,DT00168
DT00169,2017-06-18,2017,6,Q2,DT00169
DT00170,2017-06-19,2017,6,Q2,DT00170
DT00171,2017-06-20,2017,6,Q2,DT00171
DT00172,2017-06-21,2017,6,Q2,DT00172
DT00173,2017-06-22,2017,6,Q2,DT00173
DT00174,2017-06-23,2017,6,Q2,DT00174
DT00175,2017-06-24,2017,6,Q2,DT00175
DT00176,2017-06-25,2017,6,Q2,DT00176
DT00177,2017-06-26,2017,6,Q2,DT00177
DT00178,2017-06-27,2017,6,Q2,DT00178
DT00179,2017-06-28,2017,6,Q2,DT00179
DT00180,2017-06-29,2017,6,Q2,DT00180
DT00181,2017-06-30,2017,6,Q2,DT00181
DT00182,2017-07-01,2017,7,Q3,DT00182
DT00183,2017-07-02,2017,7,Q3,DT00183
DT00184,2017-07-03,2017,7,Q3,DT00184
DT00185,2017-07-04,2017,7,Q3,DT00185
DT00186,2017-07-05,2017,7,Q3,DT00186
DT00187,2017-07-06,2017,7,Q3,DT00187
DT00188,2017-07-07,2017,7,Q3,DT00188
DT00189,2017-07-08,2017,7,Q3,DT00189
DT00190,2017-07-09,2017,7,Q3,DT00190
DT00191,2017-07-10,2017,7,Q3,DT00191
DT00192,2017-07-11,2017,7,Q3,DT00192
DT00193,2017-07-12,2017,7,Q3,DT00193
DT00194,2017-07-13,2017,7,Q3,DT00194
DT00195,2017-07-14,2017,7,Q3,DT00195
DT00196,2017-07-15,2017,7,Q3,DT00196
DT00197,2017-07-16,2017,7,Q3,DT00197
DT00198,2017-07-17,2017,7,Q3,DT00198
DT00199,2017-07-18,2017,7,Q3,DT00199
DT00200,2017-07-19,2017,7,Q3,DT00200
DT00201,2017-07-20,2017,7,Q3,DT00201
DT00202,2017-07-21,2017,7,Q3,DT00202
DT00203,2017-07-22,2017,7,Q3,DT00203
DT00204,2017-07-23,2017,7,Q3,DT00204
DT00205,2017-07-24,2017,7,Q3,DT00205
DT00206,2017-07-25,2017,7,Q3,DT00206
DT00207,2017-07-26,2017,7,Q3,DT00207
DT00208,2017-07-27,2017,7,Q3,DT00208
DT00209,2017-07-28,2017,7,Q3,DT00209
DT00210,2017-07-29,2017,7,Q3,DT00210
DT00211,2017-07-30,2017,7,Q3,DT00211
DT00212,2017-07-31,2017,7,Q3,DT00212
DT00213,2017-08-01,2017,8,Q3,DT00213
DT00214,2017-08-02,2017,8,Q3,DT00214
DT00215,2017-08-03,2017,8,Q3,DT00215
DT00216,2017-08-04,2017,8,Q3,DT00216
DT00217,2017-08-05,2017,8,Q3,DT00217
DT00218,2017-08-06,2017,8,Q3,DT00218
DT00219,2017-08-07,2017,8,Q3,DT00219
DT00220,2017-08-08,2017,8,Q3,DT00220
DT00221,2017-08-09,2017,8,Q3,DT00221
DT00222,2017-08-10,2017,8,Q3,DT00222
DT00223,2017-08-11,2017,8,Q3,DT00223
DT00224,2017-08-12,2017,8,Q3,DT00224
DT00225,2017-08-13,2017,8,Q3,DT00225
DT00226,2017-08-14,2017,8,Q3,DT00226
DT00227,2017-08-15,2017,8,Q3,DT00227
DT00228,2017-08-16,2017,8,Q3,DT00228
DT00229,2017-08-17,2017,8,Q3,DT00229
DT00230,2017-08-18,2017,8,Q3,DT00230
DT00231,2017-08-19,2017,8,Q3,DT00231
DT00232,2017-08-20,2017,8,Q3,DT00232
DT00233,2017-08-21,2017,8,Q3,DT00233
DT00234,2017-08-22,2017,8,Q3,DT00234
DT00235,2017-08-23,2017,8,Q3,DT00235
DT00236,2017-08-24,2017,8,Q3,DT00236
DT00237,2017-08-25,2017,8,Q3,DT00237
DT00238,2017-08-26,2017,8,Q3,DT00238
DT00239,2017-08-27,2017,8,Q3,DT00239
DT00240,2017-08-28,2017,8,Q3,DT00240
DT00241,2017-08-29,2017,8,Q3,DT00241
DT00242,2017-08-30,2017,8,Q3,DT00242
DT00243,2017-08-31,2017,8,Q3,DT00243
DT00244,2017-09-01,2017,9,Q3,DT00244
DT00245,2017-09-02,2017,9,Q3,DT00245
DT00246,2017-09-03,2017,9,Q3,DT00246
DT00247,2017-09-04,2017,9,Q3,DT00247
DT00248,2017-09-05,2017,9,Q3,DT00248
DT00249,2017-09-06,2017,9,Q3,DT00249
DT00250,2017-09-07,2017,9,Q3,DT00250
DT00251,2017-09-08,2017,9,Q3,DT00251
DT00252,2017-09-09,2017,9,Q3,DT00252
DT00253,2017-09-10,2017,9,Q3,DT00253
DT00254,2017-09-11,2017,9,Q3,DT00254
DT00255,2017-09-12,2017,9,Q3,DT00255
DT00256,2017-09-13,2017,9,Q3,DT00256
DT00257,2017-09-14,2017,9,Q3,DT00257
DT00258,2017-09-15,2017,9,Q3,DT00258
DT00259,2017-09-16,2017,9,Q3,DT00259
DT00260,2017-09-17,2017,9,Q3,DT00260
DT00261,2017-09-18,2017,9,Q3,DT00261
DT00262,2017-09-19,2017,9,Q3,DT00262
DT00263,2017-09-20,2017,9,Q3,DT00263
DT00264,2017-09-21,2017,9,Q3,DT00264
DT00265,2017-09-22,2017,9,Q3,DT00265
DT00266,2017-09-23,2017,9,Q3,DT00266
DT00267,2017-09-24,2017,9,Q3,DT00267
DT00268,2017-09-25,2017,9,Q3,DT00268
DT00269,2017-09-26,2017,9,Q3,DT00269
DT00270,2017-09-27,2017,9,Q3,DT00270
DT00271,2017-09-28,2017,9,Q3,DT00271
DT00272,2017-09-29,2017,9,Q3,DT00272
DT00273,2017-09-30,2017,9,Q3,DT00273
DT00274,2017-10-01,2017,10,Q4,DT00274
DT00275,2017-10-02,2017,10,Q4,DT00275
DT00276,2017-10-03,2017,10,Q4,DT00276
DT00277,2017-10-04,2017,10,Q4,DT00277
DT00278,2017-10-05,2017,10,Q4,DT00278
DT00279,2017-10-06,2017,10,Q4,DT00279
DT00280,2017-10-07,2017,10,Q4,DT00280
DT00281,2017-10-08,2017,10,Q4,DT00281
DT00282,2017-10-09,2017,10,Q4,DT00282
DT00283,2017-10-10,2017,10,Q4,DT00283
DT00284,2017-10-11,2017,10,Q4,DT00284
DT00285,2017-10-12,2017,10,Q4,DT00285
DT00286,2017-10-13,2017,10,Q4,DT00286
DT00287,2017-10-14,2017,10,Q4,DT00287
DT00288,2017-10-15,2017,10,Q4,DT00288
DT00289,2017-10-16,2017,10,Q4,DT00289
DT00290,2017-10-17,2017,10,Q4,DT00290
DT00291,2017-10-18,2017,10,Q4,DT00291
DT00292,2017-10-19,2017,10,Q4,DT00292
DT00293,2017-10-20,2017,10,Q4,DT00293
DT00294,2017-10-21,2017,10,Q4,DT00294
DT00295,2017-10-22,2017,10,Q4,DT00295
DT00296,2017-10-23,2017,10,Q4,DT00296
DT00297,2017-10-24,2017,10,Q4,DT00297
DT00298,2017-10-25,2017,10,Q4,DT00298
DT00299,2017-10-26,2017,10,Q4,DT00299
DT00300,2017-10-27,2017,10,Q4,DT00300
DT00301,2017-10-28,2017,10,Q4,DT00301
DT00302,2017-10-29,2017,10,Q4,DT00302
DT00303,2017-10-30,2017,10,Q4,DT00303
DT00304,2017-10-31,2017,10,Q4,DT00304
DT00305,2017-11-01,2017,11,Q4,DT00305
DT00306,2017-11-02,2017,11,Q4,DT00306
DT00307,2017-11-03,2017,11,Q4,DT00307
DT00308,2017-11-04,2017,11,Q4,DT00308
DT00309,2017-11-05,2017,11,Q4,DT00309
DT00310,2017-11-06,2017,11,Q4,DT00310
DT00311,2017-11-07,2017,11,Q4,DT00311
DT00312,2017-11-08,2017,11,Q4,DT00312
DT00313,2017-11-09,2017,11,Q4,DT00313
DT00314,2017-11-10,2017,11,Q4,DT00314
DT00315,2017-11-11,2017,11,Q4,DT00315
DT00316,2017-11-12,2017,11,Q4,DT00316
DT00317,2017-11-13,2017,11,Q4,DT00317
DT00318,2017-11-14,2017,11,Q4,DT00318
DT00319,2017-11-15,2017,11,Q4,DT00319
DT00320,2017-11-16,2017,11,Q4,DT00320
DT00321,2017-11-17,2017,11,Q4,DT00321
DT00322,2017-11-18,2017,11,Q4,DT00322
DT00323,2017-11-19,2017,11,Q4,DT00323
DT00324,2017-11-20,2017,11,Q4,DT00324
DT00325,2017-11-21,2017,11,Q4,DT00325
DT00326,2017-11-22,2017,11,Q4,DT00326
DT00327,2017-11-23,2017,11,Q4,DT00327
DT00328,2017-11-24,2017,11,Q4,DT00328
DT00329,2017-11-25,2017,11,Q4,DT00329
DT00330,2017-11-26,2017,11,Q4,DT00330
DT00331,2017-11-27,2017,11,Q4,DT00331
DT00332,2017-11-28,2017,11,Q4,DT00332
DT00333,2017-11-29,2017,11,Q4,DT00333
DT00334,2017-11-30,2017,11,Q4,DT00334
DT00335,2017-12-01,2017,12,Q4,DT00335
DT00336,2017-12-02,2017,12,Q4,DT00336
DT00337,2017-12-03,2017,12,Q4,DT00337
DT00338,2017-12-04,2017,12,Q4,DT00338
DT00339,2017-12-05,2017,12,Q4,DT00339
DT00340,2017-12-06,2017,12,Q4,DT00340
DT00341,2017-12-07,2017,12,Q4,DT00341
DT00342,2017-12-08,2017,12,Q4,DT00342
DT00343,2017-12-09,2017,12,Q4,DT00343
DT00344,2017-12-10,2017,12,Q4,DT00344
DT00345,2017-12-11,2017,12,Q4,DT00345
DT00346,2017-12-12,2017,12,Q4,DT00346
DT00347,2017-12-13,2017,12,Q4,DT00347
DT00348,2017-12-14,2017,12,Q4,DT00348
DT00349,2017-12-15,2017,12,Q4,DT00349
DT00350,2017-12-16,2017,12,Q4,DT00350
DT00351,2017-12-17,2017,12,Q4,DT00351
DT00352,2017-12-18,2017,12,Q4,DT00352
DT00353,2017-12-19,2017,12,Q4,DT00353
DT00354,2017-12-20,2017,12,Q4,DT00354
DT00355,2017-12-21,2017,12,Q4,DT00355
DT00356,2017-12-22,2017,12,Q4,DT00356
DT00357,2017-12-23,2017,12,Q4,DT00357
DT00358,2017-12-24,2017,12,Q4,DT00358
DT00359,2017-12-25,2017,12,Q4,DT00359
DT00360,2017-12-26,2017,12,Q4,DT00360
DT00361,2017-12-27,2017,12,Q4,DT00361
DT00362,2017-12-28,2017,12,Q4,DT00362
DT00363,2017-12-29,2017,12,Q4,DT00363
DT00364,2017-12-30,2017,12,Q4,DT00364
DT00365,2017-12-31,2017,12,Q4,DT00365
DT00366,2018-01-01,2018,1,Q1,DT00366
DT00367,2018-01-02,2018,1,Q1,DT00367
DT00368,2018-01-03,2018,1,Q1,DT00368
DT00369,2018-01-04,2018,1,Q1,DT00369
DT00370,2018-01-05,2018,1,Q1,DT00370
DT00371,2018-01-06,2018,1,Q1,DT00371
DT00372,2018-01-07,2018,1,Q1,DT00372
DT00373,2018-01-08,2018,1,Q1,DT00373
DT00374,2018-01-09,2018,1,Q1,DT00374
DT00375,2018-01-10,2018,1,Q1,DT00375
DT00376,2018-01-11,2018,1,Q1,DT00376
DT00377,2018-01-12,2018,1,Q1,DT00377
DT00378,2018-01-13,2018,1,Q1,DT00378
DT00379,2018-01-14,2018,1,Q1,DT00379
DT00380,2018-01-15,2018,1,Q1,DT00380
DT00381,2018-01-16,2018,1,Q1,DT00381
DT00382,2018-01-17,2018,1,Q1,DT00382
DT00383,2018-01-18,2018,1,Q1,DT00383
DT00384,2018-01-19,2018,1,Q1,DT00384
DT00385,2018-01-20,2018,1,Q1,DT00385
DT00386,2018-01-21,2018,1,Q1,DT00386
DT00387,2018-01-22,2018,1,Q1,DT00387
DT00388,2018-01-23,2018,1,Q1,DT00388
DT00389,2018-01-24,2018,1,Q1,DT00389
DT00390,2018-01-25,2018,1,Q1,DT00390
DT00391,2018-01-26,2018,1,Q1,DT00391
DT00392,2018-01-27,2018,1,Q1,DT00392
DT00393,2018-01-28,2018,1,Q1,DT00393
DT00394,2018-01-29,2018,1,Q1,DT00394
DT00395,2018-01-30,2018,1,Q1,DT00395
DT00396,2018-01-31,2018,1,Q1,DT00396
DT00397,2018-02-01,2018,2,Q1,DT00397
DT00398,2018-02-02,2018,2,Q1,DT00398
DT00399,2018-02-03,2018,2,Q1,DT00399
DT00400,2018-02-04,2018,2,Q1,DT00400
DT00401,2018-02-05,2018,2,Q1,DT00401
DT00402,2018-02-06,2018,2,Q1,DT00402
DT00403,2018-02-07,2018,2,Q1,DT00403
DT00404,2018-02-08,2018,2,Q1,DT00404
DT00405,2018-02-09,2018,2,Q1,DT00405
DT00406,2018-02-10,2018,2,Q1,DT00406
DT00407,2018-02-11,2018,2,Q1,DT00407
DT00408,2018-02-12,2018,2,Q1,DT00408
DT00409,2018-02-13,2018,2,Q1,DT00409
DT00410,2018-02-14,2018,2,Q1,DT00410
DT00411,2018-02-15,2018,2,Q1,DT00411
DT00412,2018-02-16,2018,2,Q1,DT00412
DT00413,2018-02-17,2018,2,Q1,DT00413
DT00414,2018-02-18,2018,2,Q1,DT00414
DT00415,2018-02-19,2018,2,Q1,DT00415
DT00416,2018-02-20,2018,2,Q1,DT00416
DT00417,2018-02-21,2018,2,Q1,DT00417
DT00418,2018-02-22,2018,2,Q1,DT00418
DT00419,2018-02-23,2018,2,Q1,DT00419
DT00420,2018-02-24,2018,2,Q1,DT00420
DT00421,2018-02-25,2018,2,Q1,DT00421
DT00422,2018-02-26,2018,2,Q1,DT00422
DT00423,2018-02-27,2018,2,Q1,DT00423
DT00424,2018-02-28,2018,2,Q1,DT00424
DT00425,2018-03-01,2018,3,Q1,DT00425
DT00426,2018-03-02,2018,3,Q1,DT00426
DT00427,2018-03-03,2018,3,Q1,DT00427
DT00428,2018-03-04,2018,3,Q1,DT00428
DT00429,2018-03-05,2018,3,Q1,DT00429
DT00430,2018-03-06,2018,3,Q1,DT00430
DT00431,2018-03-07,2018,3,Q1,DT00431
DT00432,2018-03-08,2018,3,Q1,DT00432
DT00433,2018-03-09,2018,3,Q1,DT00433
DT00434,2018-03-10,2018,3,Q1,DT00434
DT00435,2018-03-11,2018,3,Q1,DT00435
DT00436,2018-03-12,2018,3,Q1,DT00436
DT00437,2018-03-13,2018,3,Q1,DT00437
DT00438,2018-03-14,2018,3,Q1,DT00438
DT00439,2018-03-15,2018,3,Q1,DT00439
DT00440,2018-03-16,2018,3,Q1,DT00440
DT00441,2018-03-17,2018,3,Q1,DT00441
DT00442,2018-03-18,2018,3,Q1,DT00442
DT00443,2018-03-19,2018,3,Q1,DT00443
DT00444,2018-03-20,2018,3,Q1,DT00444
DT00445,2018-03-21,2018,3,Q1,DT00445
DT00446,2018-03-22,2018,3,Q1,DT00446
DT00447,2018-03-23,2018,3,Q1,DT00447
DT00448,2018-03-24,2018,3,Q1,DT00448
DT00449,2018-03-25,2018,3,Q1,DT00449
DT00450,2018-03-26,2018,3,Q1,DT00450
DT00451,2018-03-27,2018,3,Q1,DT00451
DT00452,2018-03-28,2018,3,Q1,DT00452
DT00453,2018-03-29,2018,3,Q1,DT00453
DT00454,2018-03-30,2018,3,Q1,DT00454
DT00455,2018-03-31,2018,3,Q1,DT00455
DT00456,2018-04-01,2018,4,Q2,DT00456
DT00457,2018-04-02,2018,4,Q2,DT00457
DT00458,2018-04-03,2018,4,Q2,DT00458
DT00459,2018-04-04,2018,4,Q2,DT00459
DT00460,2018-04-05,2018,4,Q2,DT00460
DT00461,2018-04-06,2018,4,Q2,DT00461
DT00462,2018-04-07,2018,4,Q2,DT00462
DT00463,2018-04-08,2018,4,Q2,DT00463
DT00464,2018-04-09,2018,4,Q2,DT00464
DT00465,2018-04-10,2018,4,Q2,DT00465
DT00466,2018-04-11,2018,4,Q2,DT00466
DT00467,2018-04-12,2018,4,Q2,DT00467
DT00468,2018-04-13,2018,4,Q2,DT00468
DT00469,2018-04-14,2018,4,Q2,DT00469
DT00470,2018-04-15,2018,4,Q2,DT00470
DT00471,2018-04-16,2018,4,Q2,DT00471
DT00472,2018-04-17,2018,4,Q2,DT00472
DT00473,2018-04-18,2018,4,Q2,DT00473
DT00474,2018-04-19,2018,4,Q2,DT00474
DT00475,2018-04-20,2018,4,Q2,DT00475
DT00476,2018-04-21,2018,4,Q2,DT00476
DT00477,2018-04-22,2018,4,Q2,DT00477
DT00478,2018-04-23,2018,4,Q2,DT00478
DT00479,2018-04-24,2018,4,Q2,DT00479
DT00480,2018-04-25,2018,4,Q2,DT00480
DT00481,2018-04-26,2018,4,Q2,DT00481
DT00482,2018-04-27,2018,4,Q2,DT00482
DT00483,2018-04-28,2018,4,Q2,DT00483
DT00484,2018-04-29,2018,4,Q2,DT00484
DT00485,2018-04-30,2018,4,Q2,DT00485
DT00486,2018-05-01,2018,5,Q2,DT00486
DT00487,2018-05-02,2018,5,Q2,DT00487
DT00488,2018-05-03,2018,5,Q2,DT00488
DT00489,2018-05-04,2018,5,Q2,DT00489
DT00490,2018-05-05,2018,5,Q2,DT00490
DT00491,2018-05-06,2018,5,Q2,DT00491
DT00492,2018-05-07,2018,5,Q2,DT00492
DT00493,2018-05-08,2018,5,Q2,DT00493
DT00494,2018-05-09,2018,5,Q2,DT00494
DT00495,2018-05-10,2018,5,Q2,DT00495
DT00496,2018-05-11,2018,5,Q2,DT00496
DT00497,2018-05-12,2018,5,Q2,DT00497
DT00498,2018-05-13,2018,5,Q2,DT00498
DT00499,2018-05-14,2018,5,Q2,DT00499
DT00500,2018-05-15,2018,5,Q2,DT00500
DT00501,2018-05-16,2018,5,Q2,DT00501
DT00502,2018-05-17,2018,5,Q2,DT00502
DT00503,2018-05-18,2018,5,Q2,DT00503
DT00504,2018-05-19,2018,5,Q2,DT00504
DT00505,2018-05-20,2018,5,Q2,DT00505
DT00506,2018-05-21,2018,5,Q2,DT00506
DT00507,2018-05-22,2018,5,Q2,DT00507
DT00508,2018-05-23,2018,5,Q2,DT00508
DT00509,2018-05-24,2018,5,Q2,DT00509
DT00510,2018-05-25,2018,5,Q2,DT00510
DT00511,2018-05-26,2018,5,Q2,DT00511
DT00512,2018-05-27,2018,5,Q2,DT00512
DT00513,2018-05-28,2018,5,Q2,DT00513
DT00514,2018-05-29,2018,5,Q2,DT00514
DT00515,2018-05-30,2018,5,Q2,DT00515
DT00516,2018-05-31,2018,5,Q2,DT00516
DT00517,2018-06-01,2018,6,Q2,DT00517
DT00518,2018-06-02,2018,6,Q2,DT00518
DT00519,2018-06-03,2018,6,Q2,DT00519
DT00520,2018-06-04,2018,6,Q2,DT00520
DT00521,2018-06-05,2018,6,Q2,DT00521
DT00522,2018-06-06,2018,6,Q2,DT00522
DT00523,2018-06-07,2018,6,Q2,DT00523
DT00524,2018-06-08,2018,6,Q2,DT00524
DT00525,2018-06-09,2018,6,Q2,DT00525
DT00526,2018-06-10,2018,6,Q2,DT00526
DT00527,2018-06-11,2018,6,Q2,DT00527
DT00528,2018-06-12,2018,6,Q2,DT00528
DT00529,2018-06-13,2018,6,Q2,DT00529
DT00530,2018-06-14,2018,6,Q2,DT00530
DT00531,2018-06-15,2018,6,Q2,DT00531
DT00532,2018-06-16,2018,6,Q2,DT00532
DT00533,2018-06-17,2018,6,Q2,DT00533
DT00534,2018-06-18,2018,6,Q2,DT00534
DT00535,2018-06-19,2018,6,Q2,DT00535
DT00536,2018-06-20,2018,6,Q2,DT00536
DT00537,2018-06-21,2018,6,Q2,DT00537
DT00538,2018-06-22,2018,6,Q2,DT00538
DT00539,2018-06-23,2018,6,Q2,DT00539
DT00540,2018-06-24,2018,6,Q2,DT00540
DT00541,2018-06-25,2018,6,Q2,DT00541
DT00542,2018-06-26,2018,6,Q2,DT00542
DT00543,2018-06-27,2018,6,Q2,DT00543
DT00544,2018-06-28,2018,6,Q2,DT00544
DT00545,2018-06-29,2018,6,Q2,DT00545
DT00546,2018-06-30,2018,6,Q2,DT00546
DT00547,2018-07-01,2018,7,Q3,DT00547
DT00548,2018-07-02,2018,7,Q3,DT00548
DT00549,2018-07-03,2018,7,Q3,DT00549
DT00550,2018-07-04,2018,7,Q3,DT00550
DT00551,2018-07-05,2018,7,Q3,DT00551
DT00552,2018-07-06,2018,7,Q3,DT00552
DT00553,2018-07-07,2018,7,Q3,DT00553
DT00554,2018-07-08,2018,7,Q3,DT00554
DT00555,2018-07-09,2018,7,Q3,DT00555
DT00556,2018-07-10,2018,7,Q3,DT00556
DT00557,2018-07-11,2018,7,Q3,DT00557
DT00558,2018-07-12,2018,7,Q3,DT00558
DT00559,2018-07-13,2018,7,Q3,DT00559
DT00560,2018-07-14,2018,7,Q3,DT00560
DT00561,2018-07-15,2018,7,Q3,DT00561
DT00562,2018-07-16,2018,7,Q3,DT00562
DT00563,2018-07-17,2018,7,Q3,DT00563
DT00564,2018-07-18,2018,7,Q3,DT00564
DT00565,2018-07-19,2018,7,Q3,DT00565
DT00566,2018-07-20,2018,7,Q3,DT00566
DT00567,2018-07-21,2018,7,Q3,DT00567
DT00568,2018-07-22,2018,7,Q3,DT00568
DT00569,2018-07-23,2018,7,Q3,DT00569
DT00570,2018-07-24,2018,7,Q3,DT00570
DT00571,2018-07-25,2018,7,Q3,DT00571
DT00572,2018-07-26,2018,7,Q3,DT00572
DT00573,2018-07-27,2018,7,Q3,DT00573
DT00574,2018-07-28,2018,7,Q3,DT00574
DT00575,2018-07-29,2018,7,Q3,DT00575
DT00576,2018-07-30,2018,7,Q3,DT00576
DT00577,2018-07-31,2018,7,Q3,DT00577
DT00578,2018-08-01,2018,8,Q3,DT00578
DT00579,2018-08-02,2018,8,Q3,DT00579
DT00580,2018-08-03,2018,8,Q3,DT00580
DT00581,2018-08-04,2018,8,Q3,DT00581
DT00582,2018-08-05,2018,8,Q3,DT00582
DT00583,2018-08-06,2018,8,Q3,DT00583
DT00584,2018-08-07,2018,8,Q3,DT00584
DT00585,2018-08-08,2018,8,Q3,DT00585
DT00586,2018-08-09,2018,8,Q3,DT00586
DT00587,2018-08-10,2018,8,Q3,DT00587
DT00588,2018-08-11,2018,8,Q3,DT00588
DT00589,2018-08-12,2018,8,Q3,DT00589
DT00590,2018-08-13,2018,8,Q3,DT00590
DT00591,2018-08-14,2018,8,Q3,DT00591
DT00592,2018-08-15,2018,8,Q3,DT00592
DT00593,2018-08-16,2018,8,Q3,DT00593
DT00594,2018-08-17,2018,8,Q3,DT00594
DT00595,2018-08-18,2018,8,Q3,DT00595
DT00596,2018-08-19,2018,8,Q3,DT00596
DT00597,2018-08-20,2018,8,Q3,DT00597
DT00598,2018-08-21,2018,8,Q3,DT00598
DT00599,2018-08-22,2018,8,Q3,DT00599
DT00600,2018-08-23,2018,8,Q3,DT00600
DT00601,2018-08-24,2018,8,Q3,DT00601
DT00602,2018-08-25,2018,8,Q3,DT00602
DT00603,2018-08-26,2018,8,Q3,DT00603
DT00604,2018-08-27,2018,8,Q3,DT00604
DT00605,2018-08-28,2018,8,Q3,DT00605
DT00606,2018-08-29,2018,8,Q3,DT00606
DT00607,2018-08-30,2018,8,Q3,DT00607
DT00608,2018-08-31,2018,8,Q3,DT00608
DT00609,2018-09-01,2018,9,Q3,DT00609
DT00610,2018-09-02,2018,9,Q3,DT00610
DT00611,2018-09-03,2018,9,Q3,DT00611
DT00612,2018-09-04,2018,9,Q3,DT00612
DT00613,2018-09-05,2018,9,Q3,DT00613
DT00614,2018-09-06,2018,9,Q3,DT00614
DT00615,2018-09-07,2018,9,Q3,DT00615
DT00616,2018-09-08,2018,9,Q3,DT00616
DT00617,2018-09-09,2018,9,Q3,DT00617
DT00618,2018-09-10,2018,9,Q3,DT00618
DT00619,2018-09-11,2018,9,Q3,DT00619
DT00620,2018-09-12,2018,9,Q3,DT00620
DT00621,2018-09-13,2018,9,Q3,DT00621
DT00622,2018-09-14,2018,9,Q3,DT00622
DT00623,2018-09-15,2018,9,Q3,DT00623
DT00624,2018-09-16,2018,9,Q3,DT00624
DT00625,2018-09-17,2018,9,Q3,DT00625
DT00626,2018-09-18,2018,9,Q3,DT00626
DT00627,2018-09-19,2018,9,Q3,DT00627
DT00628,2018-09-20,2018,9,Q3,DT00628
DT00629,2018-09-21,2018,9,Q3,DT00629
DT00630,2018-09-22,2018,9,Q3,DT00630
DT00631,2018-09-23,2018,9,Q3,DT00631
DT00632,2018-09-24,2018,9,Q3,DT00632
DT00633,2018-09-25,2018,9,Q3,DT00633
DT00634,2018-09-26,2018,9,Q3,DT00634
DT00635,2018-09-27,2018,9,Q3,DT00635
DT00636,2018-09-28,2018,9,Q3,DT00636
DT00637,2018-09-29,2018,9,Q3,DT00637
DT00638,2018-09-30,2018,9,Q3,DT00638
DT00639,2018-10-01,2018,10,Q4,DT00639
DT00640,2018-10-02,2018,10,Q4,DT00640
DT00641,2018-10-03,2018,10,Q4,DT00641
DT00642,2018-10-04,2018,10,Q4,DT00642
DT00643,2018-10-05,2018,10,Q4,DT00643
DT00644,2018-10-06,2018,10,Q4,DT00644
DT00645,2018-10-07,2018,10,Q4,DT00645
DT00646,2018-10-08,2018,10,Q4,DT00646
DT00647,2018-10-09,2018,10,Q4,DT00647
DT00648,2018-10-10,2018,10,Q4,DT00648
DT00649,2018-10-11,2018,10,Q4,DT00649
DT00650,2018-10-12,2018,10,Q4,DT00650
DT00651,2018-10-13,2018,10,Q4,DT00651
DT00652,2018-10-14,2018,10,Q4,DT00652
DT00653,2018-10-15,2018,10,Q4,DT00653
DT00654,2018-10-16,2018,10,Q4,DT00654
DT00655,2018-10-17,2018,10,Q4,DT00655
DT00656,2018-10-18,2018,10,Q4,DT00656
DT00657,2018-10-19,2018,10,Q4,DT00657
DT00658,2018-10-20,2018,10,Q4,DT00658
DT00659,2018-10-21,2018,10,Q4,DT00659
DT00660,2018-10-22,2018,10,Q4,DT00660
DT00661,2018-10-23,2018,10,Q4,DT00661
DT00662,2018-10-24,2018,10,Q4,DT00662
DT00663,2018-10-25,2018,10,Q4,DT00663
DT00664,2018-10-26,2018,10,Q4,DT00664
DT00665,2018-10-27,2018,10,Q4,DT00665
DT00666,2018-10-28,2018,10,Q4,DT00666
DT00667,2018-10-29,2018,10,Q4,DT00667
DT00668,2018-10-30,2018,10,Q4,DT00668
DT00669,2018-10-31,2018,10,Q4,DT00669
DT00670,2018-11-01,2018,11,Q4,DT00670
DT00671,2018-11-02,2018,11,Q4,DT00671
DT00672,2018-11-03,2018,11,Q4,DT00672
DT00673,2018-11-04,2018,11,Q4,DT00673
DT00674,2018-11-05,2018,11,Q4,DT00674
DT00675,2018-11-06,2018,11,Q4,DT00675
DT00676,2018-11-07,2018,11,Q4,DT00676
DT00677,2018-11-08,2018,11,Q4,DT00677
DT00678,2018-11-09,2018,11,Q4,DT00678
DT00679,2018-11-10,2018,11,Q4,DT00679
DT00680,2018-11-11,2018,11,Q4,DT00680
DT00681,2018-11-12,2018,11,Q4,DT00681
DT00682,2018-11-13,2018,11,Q4,DT00682
DT00683,2018-11-14,2018,11,Q4,DT00683
DT00684,2018-11-15,2018,11,Q4,DT00684
DT00685,2018-11-16,2018,11,Q4,DT00685
DT00686,2018-11-17,2018,11,Q4,DT00686
DT00687,2018-11-18,2018,11,Q4,DT00687
DT00688,2018-11-19,2018,11,Q4,DT00688
DT00689,2018-11-20,2018,11,Q4,DT00689
DT00690,2018-11-21,2018,11,Q4,DT00690
DT00691,2018-11-22,2018,11,Q4,DT00691
DT00692,2018-11-23,2018,11,Q4,DT00692
DT00693,2018-11-24,2018,11,Q4,DT00693
DT00694,2018-11-25,2018,11,Q4,DT00694
DT00695,2018-11-26,2018,11,Q4,DT00695
DT00696,2018-11-27,2018,11,Q4,DT00696
DT00697,2018-11-28,2018,11,Q4,DT00697
DT00698,2018-11-29,2018,11,Q4,DT00698
DT00699,2018-11-30,2018,11,Q4,DT00699
DT00700,2018-12-01,2018,12,Q4,DT00700
DT00701,2018-12-02,2018,12,Q4,DT00701
DT00702,2018-12-03,2018,12,Q4,DT00702
DT00703,2018-12-04,2018,12,Q4,DT00703
DT00704,2018-12-05,2018,12,Q4,DT00704
DT00705,2018-12-06,2018,12,Q4,DT00705
DT00706,2018-12-07,2018,12,Q4,DT00706
DT00707,2018-12-08,2018,12,Q4,DT00707
DT00708,2018-12-09,2018,12,Q4,DT00708
DT00709,2018-12-10,2018,12,Q4,DT00709
DT00710,2018-12-11,2018,12,Q4,DT00710
DT00711,2018-12-12,2018,12,Q4,DT00711
DT00712,2018-12-13,2018,12,Q4,DT00712
DT00713,2018-12-14,2018,12,Q4,DT00713
DT00714,2018-12-15,2018,12,Q4,DT00714
DT00715,2018-12-16,2018,12,Q4,DT00715
DT00716,2018-12-17,2018,12,Q4,DT00716
DT00717,2018-12-18,2018,12,Q4,DT00717
DT00718,2018-12-19,2018,12,Q4,DT00718
DT00719,2018-12-20,2018,12,Q4,DT00719
DT00720,2018-12-21,2018,12,Q4,DT00720
DT00721,2018-12-22,2018,12,Q4,DT00721
DT00722,2018-12-23,2018,12,Q4,DT00722
DT00723,2018-12-24,2018,12,Q4,DT00723
DT00724,2018-12-25,2018,12,Q4,DT00724
DT00725,2018-12-26,2018,12,Q4,DT00725
DT00726,2018-12-27,2018,12,Q4,DT00726
DT00727,2018-12-28,2018,12,Q4,DT00727
DT00728,2018-12-29,2018,12,Q4,DT00728
DT00729,2018-12-30,2018,12,Q4,DT00729
DT00730,2018-12-31,2018,12,Q4,DT00730
DT00731,2019-01-01,2019,1,Q1,DT00731
DT00732,2019-01-02,2019,1,Q1,DT00732
DT00733,2019-01-03,2019,1,Q1,DT00733
DT00734,2019-01-04,2019,1,Q1,DT00734
DT00735,2019-01-05,2019,1,Q1,DT00735
DT00736,2019-01-06,2019,1,Q1,DT00736
DT00737,2019-01-07,2019,1,Q1,DT00737
DT00738,2019-01-08,2019,1,Q1,DT00738
DT00739,2019-01-09,2019,1,Q1,DT00739
DT00740,2019-01-10,2019,1,Q1,DT00740
DT00741,2019-01-11,2019,1,Q1,DT00741
DT00742,2019-01-12,2019,1,Q1,DT00742
DT00743,2019-01-13,2019,1,Q1,DT00743
DT00744,2019-01-14,2019,1,Q1,DT00744
DT00745,2019-01-15,2019,1,Q1,DT00745
DT00746,2019-01-16,2019,1,Q1,DT00746
DT00747,2019-01-17,2019,1,Q1,DT00747
DT00748,2019-01-18,2019,1,Q1,DT00748
DT00749,2019-01-19,2019,1,Q1,DT00749
DT00750,2019-01-20,2019,1,Q1,DT00750
DT00751,2019-01-21,2019,1,Q1,DT00751
DT00752,2019-01-22,2019,1,Q1,DT00752
DT00753,2019-01-23,2019,1,Q1,DT00753
DT00754,2019-01-24,2019,1,Q1,DT00754
DT00755,2019-01-25,2019,1,Q1,DT00755
DT00756,2019-01-26,2019,1,Q1,DT00756
DT00757,2019-01-27,2019,1,Q1,DT00757
DT00758,2019-01-28,2019,1,Q1,DT00758
DT00759,2019-01-29,2019,1,Q1,DT00759
DT00760,2019-01-30,2019,1,Q1,DT00760
DT00761,2019-01-31,2019,1,Q1,DT00761
DT00762,2019-02-01,2019,2,Q1,DT00762
DT00763,2019-02-02,2019,2,Q1,DT00763
DT00764,2019-02-03,2019,2,Q1,DT00764
DT00765,2019-02-04,2019,2,Q1,DT00765
DT00766,2019-02-05,2019,2,Q1,DT00766
DT00767,2019-02-06,2019,2,Q1,DT00767
DT00768,2019-02-07,2019,2,Q1,DT00768
DT00769,2019-02-08,2019,2,Q1,DT00769
DT00770,2019-02-09,2019,2,Q1,DT00770
DT00771,2019-02-10,2019,2,Q1,DT00771
DT00772,2019-02-11,2019,2,Q1,DT00772
DT00773,2019-02-12,2019,2,Q1,DT00773
DT00774,2019-02-13,2019,2,Q1,DT00774
DT00775,2019-02-14,2019,2,Q1,DT00775
DT00776,2019-02-15,2019,2,Q1,DT00776
DT00777,2019-02-16,2019,2,Q1,DT00777
DT00778,2019-02-17,2019,2,Q1,DT00778
DT00779,2019-02-18,2019,2,Q1,DT00779
DT00780,2019-02-19,2019,2,Q1,DT00780
DT00781,2019-02-20,2019,2,Q1,DT00781
DT00782,2019-02-21,2019,2,Q1,DT00782
DT00783,2019-02-22,2019,2,Q1,DT00783
DT00784,2019-02-23,2019,2,Q1,DT00784
DT00785,2019-02-24,2019,2,Q1,DT00785
DT00786,2019-02-25,2019,2,Q1,DT00786
DT00787,2019-02-26,2019,2,Q1,DT00787
DT00788,2019-02-27,2019,2,Q1,DT00788
DT00789,2019-02-28,2019,2,Q1,DT00789
DT00790,2019-03-01,2019,3,Q1,DT00790
DT00791,2019-03-02,2019,3,Q1,DT00791
DT00792,2019-03-03,2019,3,Q1,DT00792
DT00793,2019-03-04,2019,3,Q1,DT00793
DT00794,2019-03-05,2019,3,Q1,DT00794
DT00795,2019-03-06,2019,3,Q1,DT00795
DT00796,2019-03-07,2019,3,Q1,DT00796
DT00797,2019-03-08,2019,3,Q1,DT00797
DT00798,2019-03-09,2019,3,Q1,DT00798
DT00799,2019-03-10,2019,3,Q1,DT00799
DT00800,2019-03-11,2019,3,Q1,DT00800
DT00801,2019-03-12,2019,3,Q1,DT00801
DT00802,2019-03-13,2019,3,Q1,DT00802
DT00803,2019-03-14,2019,3,Q1,DT00803
DT00804,2019-03-15,2019,3,Q1,DT00804
DT00805,2019-03-16,2019,3,Q1,DT00805
DT00806,2019-03-17,2019,3,Q1,DT00806
DT00807,2019-03-18,2019,3,Q1,DT00807
DT00808,2019-03-19,2019,3,Q1,DT00808
DT00809,2019-03-20,2019,3,Q1,DT00809
DT00810,2019-03-21,2019,3,Q1,DT00810
DT00811,2019-03-22,2019,3,Q1,DT00811
DT00812,2019-03-23,2019,3,Q1,DT00812
DT00813,2019-03-24,2019,3,Q1,DT00813
DT00814,2019-03-25,2019,3,Q1,DT00814
DT00815,2019-03-26,2019,3,Q1,DT00815
DT00816,2019-03-27,2019,3,Q1,DT00816
DT00817,2019-03-28,2019,3,Q1,DT00817
DT00818,2019-03-29,2019,3,Q1,DT00818
DT00819,2019-03-30,2019,3,Q1,DT00819
DT00820,2019-03-31,2019,3,Q1,DT00820
DT00821,2019-04-01,2019,4,Q2,DT00821
DT00822,2019-04-02,2019,4,Q2,DT00822
DT00823,2019-04-03,2019,4,Q2,DT00823
DT00824,2019-04-04,2019,4,Q2,DT00824
DT00825,2019-04-05,2019,4,Q2,DT00825
DT00826,2019-04-06,2019,4,Q2,DT00826
DT00827,2019-04-07,2019,4,Q2,DT00827
DT00828,2019-04-08,2019,4,Q2,DT00828
DT00829,2019-04-09,2019,4,Q2,DT00829
DT00830,2019-04-10,2019,4,Q2,DT00830
DT00831,2019-04-11,2019,4,Q2,DT00831
DT00832,2019-04-12,2019,4,Q2,DT00832
DT00833,2019-04-13,2019,4,Q2,DT00833
DT00834,2019-04-14,2019,4,Q2,DT00834
DT00835,2019-04-15,2019,4,Q2,DT00835
DT00836,2019-04-16,2019,4,Q2,DT00836
DT00837,2019-04-17,2019,4,Q2,DT00837
DT00838,2019-04-18,2019,4,Q2,DT00838
DT00839,2019-04-19,2019,4,Q2,DT00839
DT00840,2019-04-20,2019,4,Q2,DT00840
DT00841,2019-04-21,2019,4,Q2,DT00841
DT00842,2019-04-22,2019,4,Q2,DT00842
DT00843,2019-04-23,2019,4,Q2,DT00843
DT00844,2019-04-24,2019,4,Q2,DT00844
DT00845,2019-04-25,2019,4,Q2,DT00845
DT00846,2019-04-26,2019,4,Q2,DT00846
DT00847,2019-04-27,2019,4,Q2,DT00847
DT00848,2019-04-28,2019,4,Q2,DT00848
DT00849,2019-04-29,2019,4,Q2,DT00849
DT00850,2019-04-30,2019,4,Q2,DT00850
DT00851,2019-05-01,2019,5,Q2,DT00851
DT00852,2019-05-02,2019,5,Q2,DT00852
DT00853,2019-05-03,2019,5,Q2,DT00853
DT00854,2019-05-04,2019,5,Q2,DT00854
DT00855,2019-05-05,2019,5,Q2,DT00855
DT00856,2019-05-06,2019,5,Q2,DT00856
DT00857,2019-05-07,2019,5,Q2,DT00857
DT00858,2019-05-08,2019,5,Q2,DT00858
DT00859,2019-05-09,2019,5,Q2,DT00859
DT00860,2019-05-10,2019,5,Q2,DT00860
DT00861,2019-05-11,2019,5,Q2,DT00861
DT00862,2019-05-12,2019,5,Q2,DT00862
DT00863,2019-05-13,2019,5,Q2,DT00863
DT00864,2019-05-14,2019,5,Q2,DT00864
DT00865,2019-05-15,2019,5,Q2,DT00865
DT00866,2019-05-16,2019,5,Q2,DT00866
DT00867,2019-05-17,2019,5,Q2,DT00867
DT00868,2019-05-18,2019,5,Q2,DT00868
DT00869,2019-05-19,2019,5,Q2,DT00869
DT00870,2019-05-20,2019,5,Q2,DT00870
DT00871,2019-05-21,2019,5,Q2,DT00871
DT00872,2019-05-22,2019,5,Q2,DT00872
DT00873,2019-05-23,2019,5,Q2,DT00873
DT00874,2019-05-24,2019,5,Q2,DT00874
DT00875,2019-05-25,2019,5,Q2,DT00875
DT00876,2019-05-26,2019,5,Q2,DT00876
DT00877,2019-05-27,2019,5,Q2,DT00877
DT00878,2019-05-28,2019,5,Q2,DT00878
DT00879,2019-05-29,2019,5,Q2,DT00879
DT00880,2019-05-30,2019,5,Q2,DT00880
DT00881,2019-05-31,2019,5,Q2,DT00881
DT00882,2019-06-01,2019,6,Q2,DT00882
DT00883,2019-06-02,2019,6,Q2,DT00883
DT00884,2019-06-03,2019,6,Q2,DT00884
DT00885,2019-06-04,2019,6,Q2,DT00885
DT00886,2019-06-05,2019,6,Q2,DT00886
DT00887,2019-06-06,2019,6,Q2,DT00887
DT00888,2019-06-07,2019,6,Q2,DT00888
DT00889,2019-06-08,2019,6,Q2,DT00889
DT00890,2019-06-09,2019,6,Q2,DT00890
DT00891,2019-06-10,2019,6,Q2,DT00891
DT00892,2019-06-11,2019,6,Q2,DT00892
DT00893,2019-06-12,2019,6,Q2,DT00893
DT00894,2019-06-13,2019,6,Q2,DT00894
DT00895,2019-06-14,2019,6,Q2,DT00895
DT00896,2019-06-15,2019,6,Q2,DT00896
DT00897,2019-06-16,2019,6,Q2,DT00897
DT00898,2019-06-17,2019,6,Q2,DT00898
DT00899,2019-06-18,2019,6,Q2,DT00899
DT00900,2019-06-19,2019,6,Q2,DT00900
DT00901,2019-06-20,2019,6,Q2,DT00901
DT00902,2019-06-21,2019,6,Q2,DT00902
DT00903,2019-06-22,2019,6,Q2,DT00903
DT00904,2019-06-23,2019,6,Q2,DT00904
DT00905,2019-06-24,2019,6,Q2,DT00905
DT00906,2019-06-25,2019,6,Q2,DT00906
DT00907,2019-06-26,2019,6,Q2,DT00907
DT00908,2019-06-27,2019,6,Q2,DT00908
DT00909,2019-06-28,2019,6,Q2,DT00909
DT00910,2019-06-29,2019,6,Q2,DT00910
DT00911,2019-06-30,2019,6,Q2,DT00911
DT00912,2019-07-01,2019,7,Q3,DT00912
DT00913,2019-07-02,2019,7,Q3,DT00913
DT00914,2019-07-03,2019,7,Q3,DT00914
DT00915,2019-07-04,2019,7,Q3,DT00915
DT00916,2019-07-05,2019,7,Q3,DT00916
DT00917,2019-07-06,2019,7,Q3,DT00917
DT00918,2019-07-07,2019,7,Q3,DT00918
DT00919,2019-07-08,2019,7,Q3,DT00919
DT00920,2019-07-09,2019,7,Q3,DT00920
DT00921,2019-07-10,2019,7,Q3,DT00921
DT00922,2019-07-11,2019,7,Q3,DT00922
DT00923,2019-07-12,2019,7,Q3,DT00923
DT00924,2019-07-13,2019,7,Q3,DT00924
DT00925,2019-07-14,2019,7,Q3,DT00925
DT00926,2019-07-15,2019,7,Q3,DT00926
DT00927,2019-07-16,2019,7,Q3,DT00927
DT00928,2019-07-17,2019,7,Q3,DT00928
DT00929,2019-07-18,2019,7,Q3,DT00929
DT00930,2019-07-19,2019,7,Q3,DT00930
DT00931,2019-07-20,2019,7,Q3,DT00931
DT00932,2019-07-21,2019,7,Q3,DT00932
DT00933,2019-07-22,2019,7,Q3,DT00933
DT00934,2019-07-23,2019,7,Q3,DT00934
DT00935,2019-07-24,2019,7,Q3,DT00935
DT00936,2019-07-25,2019,7,Q3,DT00936
DT00937,2019-07-26,2019,7,Q3,DT00937
DT00938,2019-07-27,2019,7,Q3,DT00938
DT00939,2019-07-28,2019,7,Q3,DT00939
DT00940,2019-07-29,2019,7,Q3,DT00940
DT00941,2019-07-30,2019,7,Q3,DT00941
DT00942,2019-07-31,2019,7,Q3,DT00942
DT00943,2019-08-01,2019,8,Q3,DT00943
DT00944,2019-08-02,2019,8,Q3,DT00944
DT00945,2019-08-03,2019,8,Q3,DT00945
DT00946,2019-08-04,2019,8,Q3,DT00946
DT00947,2019-08-05,2019,8,Q3,DT00947
DT00948,2019-08-06,2019,8,Q3,DT00948
DT00949,2019-08-07,2019,8,Q3,DT00949
DT00950,2019-08-08,2019,8,Q3,DT00950
DT00951,2019-08-09,2019,8,Q3,DT00951
DT00952,2019-08-10,2019,8,Q3,DT00952
DT00953,2019-08-11,2019,8,Q3,DT00953
DT00954,2019-08-12,2019,8,Q3,DT00954
DT00955,2019-08-13,2019,8,Q3,DT00955
DT00956,2019-08-14,2019,8,Q3,DT00956
DT00957,2019-08-15,2019,8,Q3,DT00957
DT00958,2019-08-16,2019,8,Q3,DT00958
DT00959,2019-08-17,2019,8,Q3,DT00959
DT00960,2019-08-18,2019,8,Q3,DT00960
DT00961,2019-08-19,2019,8,Q3,DT00961
DT00962,2019-08-20,2019,8,Q3,DT00962
DT00963,2019-08-21,2019,8,Q3,DT00963
DT00964,2019-08-22,2019,8,Q3,DT00964
DT00965,2019-08-23,2019,8,Q3,DT00965
DT00966,2019-08-24,2019,8,Q3,DT00966
DT00967,2019-08-25,2019,8,Q3,DT00967
DT00968,2019-08-26,2019,8,Q3,DT00968
DT00969,2019-08-27,2019,8,Q3,DT00969
DT00970,2019-08-28,2019,8,Q3,DT00970
DT00971,2019-08-29,2019,8,Q3,DT00971
DT00972,2019-08-30,2019,8,Q3,DT00972
DT00973,2019-08-31,2019,8,Q3,DT00973
DT00974,2019-09-01,2019,9,Q3,DT00974
DT00975,2019-09-02,2019,9,Q3,DT00975
DT00976,2019-09-03,2019,9,Q3,DT00976
DT00977,2019-09-04,2019,9,Q3,DT00977
DT00978,2019-09-05,2019,9,Q3,DT00978
DT00979,2019-09-06,2019,9,Q3,DT00979
DT00980,2019-09-07,2019,9,Q3,DT00980
DT00981,2019-09-08,2019,9,Q3,DT00981
DT00982,2019-09-09,2019,9,Q3,DT00982
DT00983,2019-09-10,2019,9,Q3,DT00983
DT00984,2019-09-11,2019,9,Q3,DT00984
DT00985,2019-09-12,2019,9,Q3,DT00985
DT00986,2019-09-13,2019,9,Q3,DT00986
DT00987,2019-09-14,2019,9,Q3,DT00987
DT00988,2019-09-15,2019,9,Q3,DT00988
DT00989,2019-09-16,2019,9,Q3,DT00989
DT00990,2019-09-17,2019,9,Q3,DT00990
DT00991,2019-09-18,2019,9,Q3,DT00991
DT00992,2019-09-19,2019,9,Q3,DT00992
DT00993,2019-09-20,2019,9,Q3,DT00993
DT00994,2019-09-21,2019,9,Q3,DT00994
DT00995,2019-09-22,2019,9,Q3,DT00995
DT00996,2019-09-23,2019,9,Q3,DT00996
DT00997,2019-09-24,2019,9,Q3,DT00997
DT00998,2019-09-25,2019,9,Q3,DT00998
DT00999,2019-09-26,2019,9,Q3,DT00999
DT01000,2019-09-27,2019,9,Q3,DT01000
DT01001,2019-09-28,2019,9,Q3,DT01001
DT01002,2019-09-29,2019,9,Q3,DT01002
DT01003,2019-09-30,2019,9,Q3,DT01003
DT01004,2019-10-01,2019,10,Q4,DT01004
DT01005,2019-10-02,2019,10,Q4,DT01005
DT01006,2019-10-03,2019,10,Q4,DT01006
DT01007,2019-10-04,2019,10,Q4,DT01007
DT01008,2019-10-05,2019,10,Q4,DT01008
DT01009,2019-10-06,2019,10,Q4,DT01009
DT01010,2019-10-07,2019,10,Q4,DT01010
DT01011,2019-10-08,2019,10,Q4,DT01011
DT01012,2019-10-09,2019,10,Q4,DT01012
DT01013,2019-10-10,2019,10,Q4,DT01013
DT01014,2019-10-11,2019,10,Q4,DT01014
DT01015,2019-10-12,2019,10,Q4,DT01015
DT01016,2019-10-13,2019,10,Q4,DT01016
DT01017,2019-10-14,2019,10,Q4,DT01017
DT01018,2019-10-15,2019,10,Q4,DT01018
DT01019,2019-10-16,2019,10,Q4,DT01019
DT01020,2019-10-17,2019,10,Q4,DT01020
DT01021,2019-10-18,2019,10,Q4,DT01021
DT01022,2019-10-19,2019,10,Q4,DT01022
DT01023,2019-10-20,2019,10,Q4,DT01023
DT01024,2019-10-21,2019,10,Q4,DT01024
DT01025,2019-10-22,2019,10,Q4,DT01025
DT01026,2019-10-23,2019,10,Q4,DT01026
DT01027,2019-10-24,2019,10,Q4,DT01027
DT01028,2019-10-25,2019,10,Q4,DT01028
DT01029,2019-10-26,2019,10,Q4,DT01029
DT01030,2019-10-27,2019,10,Q4,DT01030
DT01031,2019-10-28,2019,10,Q4,DT01031
DT01032,2019-10-29,2019,10,Q4,DT01032
DT01033,2019-10-30,2019,10,Q4,DT01033
DT01034,2019-10-31,2019,10,Q4,DT01034
DT01035,2019-11-01,2019,11,Q4,DT01035
DT01036,2019-11-02,2019,11,Q4,DT01036
DT01037,2019-11-03,2019,11,Q4,DT01037
DT01038,2019-11-04,2019,11,Q4,DT01038
DT01039,2019-11-05,2019,11,Q4,DT01039
DT01040,2019-11-06,2019,11,Q4,DT01040
DT01041,2019-11-07,2019,11,Q4,DT01041
DT01042,2019-11-08,2019,11,Q4,DT01042
DT01043,2019-11-09,2019,11,Q4,DT01043
DT01044,2019-11-10,2019,11,Q4,DT01044
DT01045,2019-11-11,2019,11,Q4,DT01045
DT01046,2019-11-12,2019,11,Q4,DT01046
DT01047,2019-11-13,2019,11,Q4,DT01047
DT01048,2019-11-14,2019,11,Q4,DT01048
DT01049,2019-11-15,2019,11,Q4,DT01049
DT01050,2019-11-16,2019,11,Q4,DT01050
DT01051,2019-11-17,2019,11,Q4,DT01051
DT01052,2019-11-18,2019,11,Q4,DT01052
DT01053,2019-11-19,2019,11,Q4,DT01053
DT01054,2019-11-20,2019,11,Q4,DT01054
DT01055,2019-11-21,2019,11,Q4,DT01055
DT01056,2019-11-22,2019,11,Q4,DT01056
DT01057,2019-11-23,2019,11,Q4,DT01057
DT01058,2019-11-24,2019,11,Q4,DT01058
DT01059,2019-11-25,2019,11,Q4,DT01059
DT01060,2019-11-26,2019,11,Q4,DT01060
DT01061,2019-11-27,2019,11,Q4,DT01061
DT01062,2019-11-28,2019,11,Q4,DT01062
DT01063,2019-11-29,2019,11,Q4,DT01063
DT01064,2019-11-30,2019,11,Q4,DT01064
DT01065,2019-12-01,2019,12,Q4,DT01065
DT01066,2019-12-02,2019,12,Q4,DT01066
DT01067,2019-12-03,2019,12,Q4,DT01067
DT01068,2019-12-04,2019,12,Q4,DT01068
DT01069,2019-12-05,2019,12,Q4,DT01069
DT01070,2019-12-06,2019,12,Q4,DT01070
DT01071,2019-12-07,2019,12,Q4,DT01071
DT01072,2019-12-08,2019,12,Q4,DT01072
DT01073,2019-12-09,2019,12,Q4,DT01073
DT01074,2019-12-10,2019,12,Q4,DT01074
DT01075,2019-12-11,2019,12,Q4,DT01075
DT01076,2019-12-12,2019,12,Q4,DT01076
DT01077,2019-12-13,2019,12,Q4,DT01077
DT01078,2019-12-14,2019,12,Q4,DT01078
DT01079,2019-12-15,2019,12,Q4,DT01079
DT01080,2019-12-16,2019,12,Q4,DT01080
DT01081,2019-12-17,2019,12,Q4,DT01081
DT01082,2019-12-18,2019,12,Q4,DT01082
DT01083,2019-12-19,2019,12,Q4,DT01083
DT01084,2019-12-20,2019,12,Q4,DT01084
DT01085,2019-12-21,2019,12,Q4,DT01085
DT01086,2019-12-22,2019,12,Q4,DT01086
DT01087,2019-12-23,2019,12,Q4,DT01087
DT01088,2019-12-24,2019,12,Q4,DT01088
DT01089,2019-12-25,2019,12,Q4,DT01089
DT01090,2019-12-26,2019,12,Q4,DT01090
DT01091,2019-12-27,2019,12,Q4,DT01091
DT01092,2019-12-28,2019,12,Q4,DT01092
DT01093,2019-12-29,2019,12,Q4,DT01093
DT01094,2019-12-30,2019,12,Q4,DT01094
DT01095,2019-12-31,2019,12,Q4,DT01095
DT01096,2020-01-01,2020,1,Q1,DT01096
DT01097,2020-01-02,2020,1,Q1,DT01097
DT01098,2020-01-03,2020,1,Q1,DT01098
DT01099,2020-01-04,2020,1,Q1,DT01099
DT01100,2020-01-05,2020,1,Q1,DT01100
DT01101,2020-01-06,2020,1,Q1,DT01101
DT01102,2020-01-07,2020,1,Q1,DT01102
DT01103,2020-01-08,2020,1,Q1,DT01103
DT01104,2020-01-09,2020,1,Q1,DT01104
DT01105,2020-01-10,2020,1,Q1,DT01105
DT01106,2020-01-11,2020,1,Q1,DT01106
DT01107,2020-01-12,2020,1,Q1,DT01107
DT01108,2020-01-13,2020,1,Q1,DT01108
DT01109,2020-01-14,2020,1,Q1,DT01109
DT01110,2020-01-15,2020,1,Q1,DT01110
DT01111,2020-01-16,2020,1,Q1,DT01111
DT01112,2020-01-17,2020,1,Q1,DT01112
DT01113,2020-01-18,2020,1,Q1,DT01113
DT01114,2020-01-19,2020,1,Q1,DT01114
DT01115,2020-01-20,2020,1,Q1,DT01115
DT01116,2020-01-21,2020,1,Q1,DT01116
DT01117,2020-01-22,2020,1,Q1,DT01117
DT01118,2020-01-23,2020,1,Q1,DT01118
DT01119,2020-01-24,2020,1,Q1,DT01119
DT01120,2020-01-25,2020,1,Q1,DT01120
DT01121,2020-01-26,2020,1,Q1,DT01121
DT01122,2020-01-27,2020,1,Q1,DT01122
DT01123,2020-01-28,2020,1,Q1,DT01123
DT01124,2020-01-29,2020,1,Q1,DT01124
DT01125,2020-01-30,2020,1,Q1,DT01125
DT01126,2020-01-31,2020,1,Q1,DT01126
DT01127,2020-02-01,2020,2,Q1,DT01127
DT01128,2020-02-02,2020,2,Q1,DT01128
DT01129,2020-02-03,2020,2,Q1,DT01129
DT01130,2020-02-04,2020,2,Q1,DT01130
DT01131,2020-02-05,2020,2,Q1,DT01131
DT01132,2020-02-06,2020,2,Q1,DT01132
DT01133,2020-02-07,2020,2,Q1,DT01133
DT01134,2020-02-08,2020,2,Q1,DT01134
DT01135,2020-02-09,2020,2,Q1,DT01135
DT01136,2020-02-10,2020,2,Q1,DT01136
DT01137,2020-02-11,2020,2,Q1,DT01137
DT01138,2020-02-12,2020,2,Q1,DT01138
DT01139,2020-02-13,2020,2,Q1,DT01139
DT01140,2020-02-14,2020,2,Q1,DT01140
DT01141,2020-02-15,2020,2,Q1,DT01141
DT01142,2020-02-16,2020,2,Q1,DT01142
DT01143,2020-02-17,2020,2,Q1,DT01143
DT01144,2020-02-18,2020,2,Q1,DT01144
DT01145,2020-02-19,2020,2,Q1,DT01145
DT01146,2020-02-20,2020,2,Q1,DT01146
DT01147,2020-02-21,2020,2,Q1,DT01147
DT01148,2020-02-22,2020,2,Q1,DT01148
DT01149,2020-02-23,2020,2,Q1,DT01149
DT01150,2020-02-24,2020,2,Q1,DT01150
DT01151,2020-02-25,2020,2,Q1,DT01151
DT01152,2020-02-26,2020,2,Q1,DT01152
DT01153,2020-02-27,2020,2,Q1,DT01153
DT01154,2020-02-28,2020,2,Q1,DT01154
DT01155,2020-02-29,2020,2,Q1,DT01155
DT01156,2020-03-01,2020,3,Q1,DT01156
DT01157,2020-03-02,2020,3,Q1,DT01157
DT01158,2020-03-03,2020,3,Q1,DT01158
DT01159,2020-03-04,2020,3,Q1,DT01159
DT01160,2020-03-05,2020,3,Q1,DT01160
DT01161,2020-03-06,2020,3,Q1,DT01161
DT01162,2020-03-07,2020,3,Q1,DT01162
DT01163,2020-03-08,2020,3,Q1,DT01163
DT01164,2020-03-09,2020,3,Q1,DT01164
DT01165,2020-03-10,2020,3,Q1,DT01165
DT01166,2020-03-11,2020,3,Q1,DT01166
DT01167,2020-03-12,2020,3,Q1,DT01167
DT01168,2020-03-13,2020,3,Q1,DT01168
DT01169,2020-03-14,2020,3,Q1,DT01169
DT01170,2020-03-15,2020,3,Q1,DT01170
DT01171,2020-03-16,2020,3,Q1,DT01171
DT01172,2020-03-17,2020,3,Q1,DT01172
DT01173,2020-03-18,2020,3,Q1,DT01173
DT01174,2020-03-19,2020,3,Q1,DT01174
DT01175,2020-03-20,2020,3,Q1,DT01175
DT01176,2020-03-21,2020,3,Q1,DT01176
DT01177,2020-03-22,2020,3,Q1,DT01177
DT01178,2020-03-23,2020,3,Q1,DT01178
DT01179,2020-03-24,2020,3,Q1,DT01179
DT01180,2020-03-25,2020,3,Q1,DT01180
DT01181,2020-03-26,2020,3,Q1,DT01181
DT01182,2020-03-27,2020,3,Q1,DT01182
DT01183,2020-03-28,2020,3,Q1,DT01183
DT01184,2020-03-29,2020,3,Q1,DT01184
DT01185,2020-03-30,2020,3,Q1,DT01185
DT01186,2020-03-31,2020,3,Q1,DT01186
DT01187,2020-04-01,2020,4,Q2,DT01187
DT01188,2020-04-02,2020,4,Q2,DT01188
DT01189,2020-04-03,2020,4,Q2,DT01189
DT01190,2020-04-04,2020,4,Q2,DT01190
DT01191,2020-04-05,2020,4,Q2,DT01191
DT01192,2020-04-06,2020,4,Q2,DT01192
DT01193,2020-04-07,2020,4,Q2,DT01193
DT01194,2020-04-08,2020,4,Q2,DT01194
DT01195,2020-04-09,2020,4,Q2,DT01195
DT01196,2020-04-10,2020,4,Q2,DT01196
DT01197,2020-04-11,2020,4,Q2,DT01197
DT01198,2020-04-12,2020,4,Q2,DT01198
DT01199,2020-04-13,2020,4,Q2,DT01199
DT01200,2020-04-14,2020,4,Q2,DT01200
DT01201,2020-04-15,2020,4,Q2,DT01201
DT01202,2020-04-16,2020,4,Q2,DT01202
DT01203,2020-04-17,2020,4,Q2,DT01203
DT01204,2020-04-18,2020,4,Q2,DT01204
DT01205,2020-04-19,2020,4,Q2,DT01205
DT01206,2020-04-20,2020,4,Q2,DT01206
DT01207,2020-04-21,2020,4,Q2,DT01207
DT01208,2020-04-22,2020,4,Q2,DT01208
DT01209,2020-04-23,2020,4,Q2,DT01209
DT01210,2020-04-24,2020,4,Q2,DT01210
DT01211,2020-04-25,2020,4,Q2,DT01211
DT01212,2020-04-26,2020,4,Q2,DT01212
DT01213,2020-04-27,2020,4,Q2,DT01213
DT01214,2020-04-28,2020,4,Q2,DT01214
DT01215,2020-04-29,2020,4,Q2,DT01215
DT01216,2020-04-30,2020,4,Q2,DT01216
DT01217,2020-05-01,2020,5,Q2,DT01217
DT01218,2020-05-02,2020,5,Q2,DT01218
DT01219,2020-05-03,2020,5,Q2,DT01219
DT01220,2020-05-04,2020,5,Q2,DT01220
DT01221,2020-05-05,2020,5,Q2,DT01221
DT01222,2020-05-06,2020,5,Q2,DT01222
DT01223,2020-05-07,2020,5,Q2,DT01223
DT01224,2020-05-08,2020,5,Q2,DT01224
DT01225,2020-05-09,2020,5,Q2,DT01225
DT01226,2020-05-10,2020,5,Q2,DT01226
DT01227,2020-05-11,2020,5,Q2,DT01227
DT01228,2020-05-12,2020,5,Q2,DT01228
DT01229,2020-05-13,2020,5,Q2,DT01229
DT01230,2020-05-14,2020,5,Q2,DT01230
DT01231,2020-05-15,2020,5,Q2,DT01231
DT01232,2020-05-16,2020,5,Q2,DT01232
DT01233,2020-05-17,2020,5,Q2,DT01233
DT01234,2020-05-18,2020,5,Q2,DT01234
DT01235,2020-05-19,2020,5,Q2,DT01235
DT01236,2020-05-20,2020,5,Q2,DT01236
DT01237,2020-05-21,2020,5,Q2,DT01237
DT01238,2020-05-22,2020,5,Q2,DT01238
DT01239,2020-05-23,2020,5,Q2,DT01239
DT01240,2020-05-24,2020,5,Q2,DT01240
DT01241,2020-05-25,2020,5,Q2,DT01241
DT01242,2020-05-26,2020,5,Q2,DT01242
DT01243,2020-05-27,2020,5,Q2,DT01243
DT01244,2020-05-28,2020,5,Q2,DT01244
DT01245,2020-05-29,2020,5,Q2,DT01245
DT01246,2020-05-30,2020,5,Q2,DT01246
DT01247,2020-05-31,2020,5,Q2,DT01247
